work_id,osm_way_id,action,split_lat,split_lng,old_name,new_name,new_name_curated_display,affected_segment_description,public_note
OSM-000,65363660,rename_way,,,Цар Иван Страцимир,УЛ.ЦАР ИВАН СРАЦИМИР,Цар Иван Срацимир,145 addresses; class=spelling,mechanical patch (rename_way)
OSM-001,900801959 1266691902,rename_way,,,Трайко Китанчев,УЛ.КАП.РАЙЧО,Кап. Райчо,122 addresses; class=variant_suspect,signed manual resolution (rename_way)
OSM-002,469339727 41974680 641159225,add_missing_name,,,Петър Маринов,УЛ.ИВАН ЯНЕВ,Иван Янев,75 addresses; class=variant_suspect,mechanical patch (add_missing_name)
OSM-003,449889232 449889231 93175643,rename_way,,,Арх. Стоян Доков,УЛ.АРХ.СТОЯН ДОКОВ,Арх. Стоян Доков,67 addresses; class=spelling,mechanical patch (rename_way)
OSM-004,93842858 28400649 1365094519,rename_way,,,Кръстю Асенов,ул кръстьо асенов,Кръстьо Асенов,66 addresses; class=variant_suspect,signed manual resolution (rename_way)
OSM-005,597418401,rename_way,,,Арх. Стоян Доков,УЛ.АРХ.ТОРОС ТОРОМАНЯН,Арх. Торос Тороманян,62 addresses; class=variant_suspect,signed manual resolution (rename_way)
OSM-006,184567741 42644290 944053138,rename_way,,,д-р Василаки Пападополу,УЛ.Д-Р ВАСИЛАКИ ПАПАДОПУЛУ,Д-р Василаки Пападопулу,51 addresses; class=spelling,mechanical patch (rename_way)
OSM-007,42460846,split_and_rename,43.203332,27.897189,Антон Страшимиров,УЛ.БАРУТЕН ПОГРЕБ,Барутен погреб,44 addresses; class=segment_rename,mechanical patch (split_and_rename)
OSM-008,41574592,add_missing_name,,,Шар,УЛ.ТОДОР КАБЛЕШКОВ,Тодор Каблешков,40 addresses; class=variant_suspect,mechanical patch (add_missing_name)
OSM-009A,161246298,add_missing_name,,,,УЛ.ВЕНЧАН,Венчан,,audited amendment; add missing official street name on separate unnamed way
OSM-010,310288375 842257387,add_missing_name,,,бул. Княз Борис I,УЛ.ХРИСТО ДИНЕВ,Христо Динев,27 addresses; class=variant_suspect,mechanical patch (add_missing_name)
OSM-011,184573249,split_and_rename,43.23014,27.968572,Безмер,УЛ.БИСТРА,Бистра,27 addresses; class=segment_rename,mechanical patch (split_and_rename)
OSM-012,42107274 111567743,rename_way,,,Гавраил Кръстевич,УЛ.ГАВРИЛ КРЪСТЕВИЧ,Гаврил Кръстевич,25 addresses; class=spelling,mechanical patch (rename_way)
OSM-013,65753793 982825786 264740127,rename_way,,,д-р Мирон Игнатев,УЛ.Д-Р МИРОН ИГНАТИЕВ,Д-р Мирон Игнатиев,24 addresses; class=spelling,mechanical patch (rename_way)
OSM-014,41406380 42938392,rename_way,,,Топрахисар,УЛ.ТОПРА ХИСАР,Топра хисар,24 addresses; class=spelling,mechanical patch (rename_way)
OSM-015,802366653 41991150 1352476163,rename_way,,,Овче поле,УЛ.ОВЧО ПОЛЕ,Овчо поле,24 addresses; class=spelling,mechanical patch (rename_way)
OSM-016,250809326,rename_way,,,Батова,УЛ.ПЕТЪР САПУНОВ,Петър Сапунов,23 addresses; class=variant_suspect,signed manual resolution (rename_way)
OSM-017,175894807,split_and_rename,43.232559,27.907889,Жасмин,УЛ.ГЛАДИОЛА,Гладиола,21 addresses; class=segment_rename,mechanical patch (split_and_rename)
OSM-018,26402809,split_and_rename,43.205572,27.892978,Христо Македонски,УЛ.НИКОЛА ПАЛАУЗОВ,Никола Палаузов,16 addresses; class=segment_rename,mechanical patch (split_and_rename)
OSM-019,26402436,split_and_rename,43.232859,27.919323,Орхидея,УЛ.ПЕТУНИЯ,Петуния,15 addresses; class=segment_rename,mechanical patch (split_and_rename)
OSM-020,147580413,rename_way,,,Володя Вълчев,УЛ.ДИМИТЪР ПАНИЧКОВ,Димитър Паничков,14 addresses; class=variant_suspect,signed manual resolution (rename_way)
OSM-021,42460845,split_and_rename,43.204393,27.896573,Акад. Фьодор Успенски,УЛ.ВЛАД.ДИМИТРОВ-МАЙСТОРА,Влад. Димитров-Майстора,14 addresses; class=segment_rename,mechanical patch (split_and_rename)
OSM-022,184565014,rename_way,,,Д-р Любен Попов,УЛ.Д-Р СТОЙЧО ЙОРДАНОВ,Д-р Стойчо Йорданов,10 addresses; class=variant_suspect,signed manual resolution (rename_way)
OSM-023,186637459,add_missing_name,,,Тодор Влайков,УЛ.ГРИГОРИЙ ЦАМБЛАК,Григорий Цамблак,10 addresses; class=variant_suspect,mechanical patch (add_missing_name)
OSM-024,43205245 43205246,rename_way,,,Самарско знаме,ул д р селимински,Д-р Селимински,10 addresses; class=variant_suspect,signed manual resolution (rename_way)
OSM-025,898026563 467605263 467605264,add_missing_name,,,Бисер,УЛ.СЕДЕФ,Седеф,9 addresses; class=variant_suspect,mechanical patch (add_missing_name)
OSM-026,448465468,rename_way,,,Каранфила Стефанова,УЛ.ИВАН ЦЕРОВ,Иван Церов,9 addresses; class=variant_suspect,signed manual resolution (rename_way)
OSM-027,144595974,rename_way,,,Д-р Любен Попов,УЛ.ПРОФ.Д-Р Н.КОНСТАНТИНОВ,Проф. д-р Н. Константинов,8 addresses; class=variant_suspect,signed manual resolution (rename_way)
OSM-028,1160952310,rename_way,,,Хорнтензия,УЛ.ХОРТЕНЗИЯ,Хортензия,7 addresses; class=spelling,mechanical patch (rename_way)
OSM-029,35003937,add_missing_name,,,Георги Минков,ул полк п димков лечителя,Полк. П. Димков-Лечителя,6 addresses; class=variant_suspect,mechanical patch (add_missing_name)
OSM-031,93842859 47710069,add_missing_name,,,,ул ралица,Ралица,5 addresses; class=variant_suspect,mechanical patch (add_missing_name)
OSM-032,184573249,split_and_rename,43.230219,27.969108,Безмер,УЛ.НИКОЛАЙ ЛИЛИЕВ,Николай Лилиев,5 addresses; class=segment_rename,mechanical patch (split_and_rename)
OSM-033,703430262,add_missing_name,,,Д-р Индржишка Кръстева,УЛ.Д-Р БОРИС БОЖКОВ,Д-р Борис Божков,5 addresses; class=variant_suspect,signed manual resolution (add_missing_name)
OSM-035,687396132,add_missing_name,,,бул. Цар Освободител,УЛ.НОВ ЖИВОТ,Нов живот,3 addresses; class=variant_suspect,mechanical patch (add_missing_name)
OSM-036,42537375,add_missing_name,,,Атанас Томов,УЛ.ДОНКА ЗЛАТЕВА,Донка Златева,3 addresses; class=variant_suspect,mechanical patch (add_missing_name)
OSM-037,92658025,add_missing_name,,,Анри Барбюс,УЛ.ЮЛИУС ФУЧИК,Юлиус Фучик,3 addresses; class=variant_suspect,mechanical patch (add_missing_name)
OSM-038,392740585 1190406335,rename_way,,,Емил Главанков,УЛ.ЕМИЛ ГЛАВАНАКОВ,Емил Главанаков,2 addresses; class=spelling,mechanical patch (rename_way)
OSM-039,1046974046,split_and_rename,43.236022,27.982383,Божидар Божилов,УЛ.СТОЯН ЗАГОРЧИНОВ,Стоян Загорчинов,2 addresses; class=segment_rename,mechanical patch (split_and_rename)
OSM-040,467605269,rename_way,,,Христо Каварналиев,УЛ.АМЕТИСТ,Аметист,2 addresses; class=variant_suspect,signed manual resolution (rename_way)
OSM-041,122073388,rename_way,,,Троя,УЛ.ТРОЯН,Троян,1 addresses; class=spelling,mechanical patch (rename_way)
OSM-043,26402456,add_missing_name,,,бул. Царевец,УЛ.ТУТРАКАН,Тутракан,1 addresses; class=variant_suspect,mechanical patch (add_missing_name)
